Quote,Author,Born,Died,Description,Date Spoken,Source(s),Topic,Comments
The Analytical Engine weaves algebraic patterns just as the Jacquard loom weaves flowers and leaves.,Ada Lovelace,1815,1852,Wrote instructions for the first computer program in the mid 1800s,1843,http://www.computerhistory.org/babbage/adalovelace/,"algebra, pattern, engine, flowers",
"[Debugging] is damnably troublesome work, and plagues me.",Ada Lovelace,1815,1852,Wrote instructions for the first computer program in the mid 1800s,Unknown,"https://sayingimages.com/ada-lovelace-quotes/, https://www.bustle.com/articles/116737-ada-lovelaces-6-most-feminist-quotes-are-the-perfect-way-to-celebrate-ada-lovelace-day","debugging, work",Not sure if this is inspiring but it made me chuckle
Your best and wisest refuge from all troubles is in your science.,Ada Lovelace,1815,1852,Wrote instructions for the first computer program in the mid 1800s,Unknown,https://sayingimages.com/ada-lovelace-quotes/,"trouble, science",
"I never am really satisfied that I understand anything; because, understand it well as I may, my comprehension can only be an infinitesimal fraction of all I want to understand about the many connections and relations which occur to me.",Ada Lovelace,1815,1852,Wrote instructions for the first computer program in the mid 1800s,Unknown,"https://sayingimages.com/ada-lovelace-quotes/, https://www.bustle.com/articles/116737-ada-lovelaces-6-most-feminist-quotes-are-the-perfect-way-to-celebrate-ada-lovelace-day","understanding, connections",
That brain of mine is something more than merely mortal; as time will show.,Ada Lovelace,1815,1852,Wrote instructions for the first computer program in the mid 1800s,Unknown,"https://sayingimages.com/ada-lovelace-quotes/, https://www.bustle.com/articles/116737-ada-lovelaces-6-most-feminist-quotes-are-the-perfect-way-to-celebrate-ada-lovelace-day","brain, mortal, time",
I believe myself to possess a most singular combination of qualities exactly fitted to make me pre-eminently a discoverer of the hidden realities of nature.,Ada Lovelace,1815,1852,Wrote instructions for the first computer program in the mid 1800s,Unknown,"https://sayingimages.com/ada-lovelace-quotes/, https://www.bustle.com/articles/116737-ada-lovelaces-6-most-feminist-quotes-are-the-perfect-way-to-celebrate-ada-lovelace-day","qualities, nature, discovery",
"The more I study, the more insatiable do I feel my genius for it to be.",Ada Lovelace,1815,1852,Wrote instructions for the first computer program in the mid 1800s,Unknown,"https://sayingimages.com/ada-lovelace-quotes/, https://www.bustle.com/articles/116737-ada-lovelaces-6-most-feminist-quotes-are-the-perfect-way-to-celebrate-ada-lovelace-day","study, genius",
"Religion to me is science, and science is religion.",Ada Lovelace,1815,1852,Wrote instructions for the first computer program in the mid 1800s,Unknown,http://www.quotabelle.com/discover,"religion, science",
"I have lived almost entirely secluded for some time. Those who are much in earnest and with single minds devoted to any great object in life, must find this occasionally inevitable.",Ada Lovelace,1815,1852,Wrote instructions for the first computer program in the mid 1800s,Unknown,http://www.quotabelle.com/discover,"mind, life",
"What would be to me terrible, would be mind & activity impeded by health.",Ada Lovelace,1815,1852,Wrote instructions for the first computer program in the mid 1800s,Unknown,http://www.quotabelle.com/discover,"mind, health",
I am in a charming state of confusion.,Ada Lovelace,1815,1852,Wrote instructions for the first computer program in the mid 1800s,Unknown,http://www.quotabelle.com/discover,"confusion, state",
We leave it for the decision of each individual (after he has possessed himself of competent information as to the characteristics of each engine) to determine how far it ought to be matter of regret that such an accession has been made to the powers of human science.,Ada Lovelace,1815,1852,Wrote instructions for the first computer program in the mid 1800s,Unknown,http://www.quotabelle.com/discover,"individual, science",
I do not believe that my father was (or ever could have been) such a Poet as I shall be an Analyst; (& Metaphysician); for with me the two go together indissolubly.,Ada Lovelace,1815,1852,Wrote instructions for the first computer program in the mid 1800s,Unknown,http://www.quotabelle.com/discover,"father, poet, analysis, metaphysician",
"What is imagination?...It is a God-like, a noble faculty. It renders earth tolerable; it teaches us to live, in the tone of the eternal.",Ada Lovelace,1815,1852,Wrote instructions for the first computer program in the mid 1800s,Unknown,http://www.quotabelle.com/discover,"imagination, life, eternal",
"Imagination is the Discovering Faculty, pre-eminently. It is that which penetrates into the unseen worlds around us, the worlds of Science. It is that which feels & discovers what is, the real which we see not, which exists not for our senses.",Ada Lovelace,1815,1852,Wrote instructions for the first computer program in the mid 1800s,Unknown,http://www.quotabelle.com/discover,"imagination, unseen, science, world, discover",
The eyes of her who is glorified here below turned to the starry heavens...,Caroline Herschel,1750,1848,First woman to discover a comet and first British woman to get paid for her scientific work,Self-written epitaph,"http://www.uh.edu/engines/epi221.htm, http://lepcurious.blogspot.com/2015/03/steam-empowered-caroline-herschel.html","eyes, heavens, stars",
"Let us decide on the route that we wish to take to pass our life, and attempt to sow that route with flowers.",Emilie du Chatelet,1706,1759,Mathematician and physician who translated Isaac Newton's Principia into French.,Unknown,http://www.azquotes.com/quote/524231,"life, flowers",
"If I were king, I would redress an abuse which cuts back, as it were, one half of human kind. I would have women participate in all human rights, especially those of the mind.",Emilie du Chatelet,1706,1759,Mathematician and physician who translated Isaac Newton's Principia into French.,Unknown,https://www.goodreads.com/work/quotes/7014948-selected-philosophical-and-scientific-writings,"king, women, human, rights, mind",
Mathematics are the natural bent of my mind.,Mary Somerville,1780,1872,Mathematician and astronomer who was one of the first female member nominees of the Royal Astronomical Society.,Unknown,"http://thebeautifulstars.blogspot.com/2012/06/what-had-i-not-heard-of-mary-somerville.html, https://books.google.com/books?id=RwF-VBDJwKIC&pg=PA190&lpg=PA190&dq=mary+Mathematics+are+the+natural+bent+of+my+mind&source=bl&ots=uQ2R9LV79j&sig=dp60ymWPmGhdDyYtutODtOtAokA&hl=en&sa=X&ved=0ahUKEwiRm6mR0drVAhVLslQKHZGwAuQQ6AEIRzAJ#v=onepage&q=mary%20Mathematics%20are%20the%20natural%20bent%20of%20my%20mind&f=false","mathematics, mind",
Age has not abated my zeal for the emancipation of my sex from the unreasonable prejudice too prevalent in Great Britain against a literary and scientific education for women,Mary Somerville,1780,1872,Mathematician and astronomer who was one of the first female member nominees of the Royal Astronomical Society.,1870,"https://books.google.com/books?id=12CnfM1u32kC&pg=PA86&lpg=PA86&dq=Age+has+not+abated+my+zeal+for+the+emancipation+mary+somerville&source=bl&ots=TZO5FTIVZ5&sig=tsfyCmpMZU_VwkaAQuO24eE6fmo&hl=en&sa=X&ved=0ahUKEwiZs5KQ0trVAhWJxFQKHdpJCYwQ6AEILjAB#v=onepage&q=Age%20has%20not%20abated%20my%20zeal%20for%20the%20emancipation%20mary%20somerville&f=false, http://thebeautifulstars.blogspot.com/2012/06/what-had-i-not-heard-of-mary-somerville.html","age, prejudice, education, women",
"We travel to learn; and I have never been in any country where they did not do something better than we do it, think some thoughts better than we think, catch some inspiration from heights above our own.",Maria Mitchell,1818,1889,American astronomer who discovered a comet in 1847 which was named after her.,Unknown,"https://www.brainyquote.com/quotes/authors/m/maria_mitchell.html, https://www.brainyquote.com/quotes/quotes/m/mariamitch317079.html","travel, country, thoughts, inspiration",
"The world of learning is so broad, and the human soul is so limited in power!",Maria Mitchell,1818,1889,American astronomer who discovered a comet in 1847 which was named after her.,Unknown,"https://www.brainyquote.com/quotes/authors/m/maria_mitchell.html, http://www.anvari.org/fortune/Quotations_By_Famous_People/5988_the-world-of-learning-is-so-broad-and-the-human-soul-is-so-limited-in-power.html","learning, soul, power",
"We especially need imagination in science. It is not all mathematics, nor all logic, but it is somewhat beauty and poetry.",Maria Mitchell,1818,1889,American astronomer who discovered a comet in 1847 which was named after her.,"1896 (Life, Letters and Journals)","https://www.brainyquote.com/quotes/authors/m/maria_mitchell.html, https://www.goodreads.com/quotes/420512-we-especially-need-imagination-in-science-it-is-not-all, https://en.wikiquote.org/wiki/Maria_Mitchell","imagination, science, mathematics",
Do not look at stars as bright spots only. Try to take in the vastness of the universe.,Maria Mitchell,1818,1889,American astronomer who discovered a comet in 1847 which was named after her.,Unknown,"https://www.brainyquote.com/quotes/authors/m/maria_mitchell.html, http://www.quotehd.com/quotes/maria-mitchell-scientist-do-not-look-at-stars-as-bright-spots-only-try-to-take-in","stars, universe",
"We have a hunger of the mind which asks for knowledge of all around us, and the more we gain, the more is our desire; the more we see, the more we are capable of seeing.",Maria Mitchell,1818,1889,American astronomer who discovered a comet in 1847 which was named after her.,Unknown,"https://www.brainyquote.com/quotes/authors/m/maria_mitchell.html, https://www.mariamitchell.org/research-and-collections/maria-mitchell/for-students/legacy-and-the-maria-mitchell-association","mind, knowledge, seeing",
That knowledge which is popular is not scientific.,Maria Mitchell,1818,1889,American astronomer who discovered a comet in 1847 which was named after her.,Unknown,"https://www.brainyquote.com/quotes/authors/m/maria_mitchell.html, https://www.goodreads.com/author/quotes/1102150.Maria_Mitchell","knowledge, science",
Study as if you were going to live forever; live as if you were going to die tomorrow.,Maria Mitchell,1818,1889,American astronomer who discovered a comet in 1847 which was named after her.,Unknown,"https://www.brainyquote.com/quotes/authors/m/maria_mitchell.html, https://en.wikiquote.org/wiki/Maria_Mitchell","study, life, tomorrow",
"...how can we dispute authority which has come down to us, all established, for ages? We must at least question it; we cannot accept anything as granted, beyond the first mathematical formulae. Question everything else.",Maria Mitchell,1818,1889,American astronomer who discovered a comet in 1847 which was named after her.,1896,"https://www.brainpickings.org/2013/08/22/maria-mitchell-education-women-in-science/, https://en.wikiquote.org/wiki/Maria_Mitchell","authority, question, mathematics",
"It is singular what a quiet motive-power science is, the breath of a nation's progress.",Maria Mitchell,1818,1889,American astronomer who discovered a comet in 1847 which was named after her.,Unknown,http://www.quotabelle.com/discover,"science, progress, power",
"People have to learn sometimes not only how much the heart, but how much the head, can bear.",Maria Mitchell,1818,1889,American astronomer who discovered a comet in 1847 which was named after her.,Unknown,http://www.quotabelle.com/discover,"learn, heart, head",
"I am just learning to notice the different colors of the stars, and already beginning to have a new enjoyment.",Maria Mitchell,1818,1889,American astronomer who discovered a comet in 1847 which was named after her.,Unknown,http://www.quotabelle.com/discover,"stars, learn",
"Science makes people reach selflessly for truth and objectivity; it teaches people to accept reality, with wonder and admiration, not to mention the deep awe and joy that the natural order of things brings to the true scientist.",Lise Meitner,1878,1968,"Austrian-Swedish physicist who worked on radioactivity and nuclear physics, who was part of the team that discovered nuclear fission.",Unknown,"https://www.goodreads.com/author/quotes/4126366.Lise_Meitner, https://todayinsci.com/M/Meitner_Lise/MeitnerLise-Quotations.htm","science, truth, objectivity, reality, nature",
"Life need not be easy, provided only that it is not empty.",Lise Meitner,1878,1968,"Austrian-Swedish physicist who worked on radioactivity and nuclear physics, who was part of the team that discovered nuclear fission.",Unknown,"https://www.goodreads.com/author/quotes/4126366.Lise_Meitner, https://www.goodreads.com/author/quotes/4126366.Lise_Meitner","life, easy, empty",
You must not blame us scientists for the use which war technicians have put our discoveries.,Lise Meitner,1878,1968,"Austrian-Swedish physicist who worked on radioactivity and nuclear physics, who was part of the team that discovered nuclear fission.",Unknown,"https://www.goodreads.com/author/quotes/4126366.Lise_Meitner, https://todayinsci.com/M/Meitner_Lise/MeitnerLise-Quotations.htm","science, war, discovery",
"That one must do some work seriously and must be independent and not merely amuse oneself in life-this our mother [Marie Curie] has told us always, but never that science was the only career worth following.",Irene Joliot-Curie,1897,1956,French scientist and daughter of Marie Curie who was jointly awarded the Nobel Prize for Chemistry with her husband in 1935 for discovering artifical radioactivity.,Unknown,"https://todayinsci.com/J/JoliotCurie_Irene/JoliotCurieIrene-Quotations.htm, http://www.azquotes.com/author/23614-Irene_Joliot_Curie","work, independence, science",
"The farther the experiment is from theory, the closer it is to the Nobel Prize.",Irene Joliot-Curie,1897,1956,French scientist and daughter of Marie Curie who was jointly awarded the Nobel Prize for Chemistry with her husband in 1935 for discovering artifical radioactivity.,Unknown,"https://books.google.com/books?id=7nRGJMEmvJMC&pg=PA178&lpg=PA178&dq=The+farther+the+experiment+is+from+theory,+the+closer+it+is+to+the+Nobel+Prize.&source=bl&ots=yXe3QDWDwS&sig=JvKCYtQ26jJdMy-g5sKXO9g8uIE&hl=en&sa=X&ved=0ahUKEwimu7K05_LVAhWkrVQKHXpqA2YQ6AEINDAC#v=onepage&q=The%20farther%20the%20experiment%20is%20from%20theory%2C%20the%20closer%20it%20is%20to%20the%20Nobel%20Prize.&f=false, http://strangewondrous.net/browse/author/j/joliot-curie+irene","experiment, theory",
"It might seem unfair to reward a person for having so much pleasure over the years, asking the maize plant to solve specific problems and then watching its responses.",Barbara McClintock,1902,1992,Nobel Prize-winning geneticist known for her discoveries with regulation of genetic expression.,Unknown,https://www.brainyquote.com/quotes/authors/b/barbara_mcclintock.html,"reward, pleasure, solve, problems",
"I never thought of stopping, and I just hated sleeping. I can't imagine having a better life.",Barbara McClintock,1902,1992,Nobel Prize-winning geneticist known for her discoveries with regulation of genetic expression.,Unknown,https://www.brainyquote.com/quotes/authors/b/barbara_mcclintock.html,"sleep, life",
"If you know you are on the right track, if you have this inner knowledge, then nobody can turn you off... no matter what they say.",Barbara McClintock,1902,1992,Nobel Prize-winning geneticist known for her discoveries with regulation of genetic expression.,Unknown,"https://www.brainyquote.com/quotes/authors/b/barbara_mcclintock.html, http://aplus.com/a/female-scientist-quotes?no_monetization=true","track, knowledge",
"A great advantage of X-ray analysis as a method of chemical structure analysis is its power to show some totally unexpected and surprising structure with, at the same time, complete certainty.",Dorothy Hodgkin,1910,1994,"British chemist who developed protein crystallography, for which she won the Nobel Prize in Chemistry in 1964.",1964,"https://todayinsci.com/H/Hodgkin_Dorothy/HodgkinDorothy-Quotations.htm, http://www.azquotes.com/author/43140-Dorothy_Hodgkin","power, certainty, analysis",
I should not like to leave an impression that all structural problems can be settled by X-ray analysis or that all crystal structures are easy to solve. I seem to have spent much more of my life not solving structures than solving them.,Dorothy Hodgkin,1910,1994,"British chemist who developed protein crystallography, for which she won the Nobel Prize in Chemistry in 1964.",1964,"https://todayinsci.com/H/Hodgkin_Dorothy/HodgkinDorothy-Quotations.htm, http://www.azquotes.com/author/43140-Dorothy_Hodgkin","analysis, structures, solve",
"I used to say the evening that I developed the first x-ray photograph I took of insulin in 1935 was the most exciting moment of my life. But the Saturday afternoon in late July 1969, when we realized that the insulin electron density map was interpretable, runs that moment very close.",Dorothy Hodgkin,1910,1994,"British chemist who developed protein crystallography, for which she won the Nobel Prize in Chemistry in 1964.",1971,"https://todayinsci.com/H/Hodgkin_Dorothy/HodgkinDorothy-Quotations.htm, http://www.azquotes.com/author/43140-Dorothy_Hodgkin","exciting, moment, life, photograph",
I was captured for life by chemistry and by crystals.,Dorothy Hodgkin,1910,1994,"British chemist who developed protein crystallography, for which she won the Nobel Prize in Chemistry in 1964.",Unknown,"https://todayinsci.com/H/Hodgkin_Dorothy/HodgkinDorothy-Quotations.htm, http://www.azquotes.com/author/43140-Dorothy_Hodgkin","life, chemistry",
"I once wrote a lecture for Manchester University called « Moments of Discovery » in which I said that there are two moments that are important. There's the moment when you know you can find out the answer and that's the period you are sleepless before you know what it is. When you've got it and know what it is, then you can rest easy.",Dorothy Hodgkin,1910,1994,"British chemist who developed protein crystallography, for which she won the Nobel Prize in Chemistry in 1964.",Unknown,"http://www.azquotes.com/author/43140-Dorothy_Hodgkin, http://quotes.yourdictionary.com/author/dorothy-hodgkin/","lecture, moments, knowledge, easy",
"Science, for me, gives a partial explanation for life. In so far as it goes, it is based on fact, experience and experiment.",Rosalind Franklin,1920,1958,"English chemist and X-ray crystallographer who made contributions to the understanding of the structures of DNA, RNA, and more.",Perhaps 1940,"https://todayinsci.com/F/Franklin_Rosalind/FranklinRosalind-Quotations.htm, http://www.azquotes.com/author/21421-Rosalind_Franklin","science, life, experience, experiment",
"You frequently state, and in your letter you imply, that I have developed a completely one-sided outlook and look at everything and think of everything in terms of science. Obviously my method of thought and reasoning is influenced by a scientific training—if that were not so my scientific training will have been a waste and a failure.",Rosalind Franklin,1920,1958,"English chemist and X-ray crystallographer who made contributions to the understanding of the structures of DNA, RNA, and more.",Perhaps 1940,https://todayinsci.com/F/Franklin_Rosalind/FranklinRosalind-Quotations.htm,"outlook, science, training, waste",
"You look at science (or at least talk of it) as some sort of demoralising invention of man, something apart from real life, and which must be cautiously guarded and kept separate from everyday existence. But science and everyday life cannot and should not be separated.",Rosalind Franklin,1920,1958,"English chemist and X-ray crystallographer who made contributions to the understanding of the structures of DNA, RNA, and more.",Perhaps 1940,"https://todayinsci.com/F/Franklin_Rosalind/FranklinRosalind-Quotations.htm, http://www.azquotes.com/author/21421-Rosalind_Franklin","science, invention, life, existence",
"...In my view, all that is necessary for faith is the belief that by doing our best we shall come nearer to success and that success in our aims (the improvement of the lot of mankind, present and future) is worth attaining.",Rosalind Franklin,1920,1958,"English chemist and X-ray crystallographer who made contributions to the understanding of the structures of DNA, RNA, and more.",Perhaps 1940,"https://todayinsci.com/F/Franklin_Rosalind/FranklinRosalind-Quotations.htm, sort of http://www.azquotes.com/author/21421-Rosalind_Franklin","faith, success, mankind, worth",
"I see no reason to believe that a creator of protoplasm or primeval matter, if such there be, has any reason to be interested in our insignificant race in a tiny corner of the universe, and still less in us, as still more insignificant individuals. Again, I see no reason why the belief that we are insignificant or fortuitous should lessen our faith.",Rosalind Franklin,1920,1958,"English chemist and X-ray crystallographer who made contributions to the understanding of the structures of DNA, RNA, and more.",Unknown,"https://todayinsci.com/F/Franklin_Rosalind/FranklinRosalind-Quotations.htm, sort of http://www.azquotes.com/author/21421-Rosalind_Franklin","creator, universe, individuals, belief",
"It is not easy to be a pioneer—but oh, it is fascinating! I would not trade one moment, even the worst moment, for all the riches in the world.",Elizabeth Blackwell,1821,1910,British-born physician known for being the first woman to receive a medical degree in the United States.,Unknown,http://www.quotabelle.com/discover,"pioneer, moment, world",
"When I came here, I did not care one straw what people thought of my personal appearance, I dressed entirely from a principle of self respect; now, I sometimes dress for others and feel a slight satisfaction if the glass tells me that I shall not scare people.",Elizabeth Blackwell,1821,1910,British-born physician known for being the first woman to receive a medical degree in the United States.,Unknown,http://www.quotabelle.com/discover,"appearance, respect, people",
We have learned that ceaseless activity is the law of life in every realm of Nature.,Elizabeth Blackwell,1821,1910,British-born physician known for being the first woman to receive a medical degree in the United States.,Unknown,http://www.quotabelle.com/discover,"activity, nature, life",
"We cannot examine the smallest and most insignificant objects in nature, without being lost in wonder at the rich uses which are developed from its tiny framework.",Elizabeth Blackwell,1821,1910,British-born physician known for being the first woman to receive a medical degree in the United States.,Unknown,http://www.quotabelle.com/discover,"small, objects, nature, development",
"Noble work! Welcome struggle, suffering, torture even, if our path lie through them...",Elizabeth Blackwell,1821,1910,British-born physician known for being the first woman to receive a medical degree in the United States.,Unknown,http://www.quotabelle.com/discover,"work, suffering, path",
"With a firm faith in infinite good and immortality, the most wearisome life becomes a source of triumphant thanksgiving.",Elizabeth Blackwell,1821,1910,British-born physician known for being the first woman to receive a medical degree in the United States.,Unknown,http://www.quotabelle.com/discover,"life, triumph",
There is no tonic in the pharmacopoeia to be compared with happiness.,Elizabeth Garrett,1836,1917,"First female doctor to qualify in England, who paved the way for women's medical education in Britain.",Unknown,http://www.quotabelle.com/discover,"happiness, tonic",
Practical work and responsibility—the lasting refuge from dullness.,Elizabeth Garrett,1836,1917,"First female doctor to qualify in England, who paved the way for women's medical education in Britain.",Unknown,http://www.quotabelle.com/discover,"work, responsibility",
I could not live without some real work.,Elizabeth Garrett,1836,1917,"First female doctor to qualify in England, who paved the way for women's medical education in Britain.",Unknown,http://www.quotabelle.com/discover,"work, life",
"Life is not easy for any of us. But what of that? We must have perseverance and above all confidence in ourselves. We must believe that we are gifted for something, and that this thing, at whatever cost, must be attained.",Marie Curie,1867,1934,Physicist and chemist who conducted pioneering research on radioactivity.,Unknown,"http://www.quotabelle.com/discover, https://www.brainyquote.com/quotes/authors/m/marie_curie.html, https://www.goodreads.com/author/quotes/126903.Marie_Curie, Madame Curie : A Biography (1937)","life, confidence, perseverance, gift",
I am among those who think that science has great beauty.,Marie Curie,1867,1934,Physicist and chemist who conducted pioneering research on radioactivity.,Unknown,"https://www.brainyquote.com/quotes/authors/m/marie_curie.html, Madame Curie : A Biography (1937)","science, beauty",
"You cannot hope to build a better world without improving the individuals. To that end, each of us must work for his own improvement and, at the same time, share a general responsibility for all humanity, our particular duty being to aid those to whom we think we can be most useful.",Marie Curie,1867,1934,Physicist and chemist who conducted pioneering research on radioactivity.,1923,"https://www.brainyquote.com/quotes/authors/m/marie_curie.html, https://www.goodreads.com/author/quotes/126903.Marie_Curie","individual, work, responsibility, use",
"Nothing in life is to be feared, it is only to be understood. Now is the time to understand more, so that we may fear less.",Marie Curie,1867,1934,Physicist and chemist who conducted pioneering research on radioactivity.,Unknown,"https://www.brainyquote.com/quotes/authors/m/marie_curie.html, https://www.goodreads.com/author/quotes/126903.Marie_Curie, Our Precarious Habitat (1973)","understanding, life",
Be less curious about people and more curious about ideas.,Marie Curie,1867,1934,Physicist and chemist who conducted pioneering research on radioactivity.,Unknown,"https://www.brainyquote.com/quotes/authors/m/marie_curie.html, https://www.goodreads.com/author/quotes/126903.Marie_Curie, Madame Curie : A Biography (1937)","people, ideas, curiosity",
A scientist in his laboratory is not a mere technician: he is also a child confronting natural phenomena that impress him as though they were fairy tales.,Marie Curie,1867,1934,Physicist and chemist who conducted pioneering research on radioactivity.,Unknown,"https://www.brainyquote.com/quotes/authors/m/marie_curie.html, https://www.goodreads.com/author/quotes/126903.Marie_Curie","science, nature, phenomena",
I was taught that the way of progress was neither swift nor easy.,Marie Curie,1867,1934,Physicist and chemist who conducted pioneering research on radioactivity.,Unknown,"https://www.brainyquote.com/quotes/authors/m/marie_curie.html, https://www.goodreads.com/author/quotes/126903.Marie_Curie, Java Connector Architecture: Building Custom Connectors and Adapters‎ (2002)","progress, swift, easy",
"All my life through, the new sights of Nature made me rejoice like a child.",Marie Curie,1867,1934,Physicist and chemist who conducted pioneering research on radioactivity.,1923,"https://www.brainyquote.com/quotes/authors/m/marie_curie.html, https://www.goodreads.com/author/quotes/126903.Marie_Curie","nature, child, life",
"I am one of those who think like Nobel, that humanity will draw more good than evil from new discoveries.",Marie Curie,1867,1934,Physicist and chemist who conducted pioneering research on radioactivity.,Unknown,"https://www.brainyquote.com/quotes/authors/m/marie_curie.html, https://www.goodreads.com/author/quotes/126903.Marie_Curie","humanity, good, discovery",
There are sadistic scientists who hurry to hunt down errors instead of establishing the truth.,Marie Curie,1867,1934,Physicist and chemist who conducted pioneering research on radioactivity.,Unknown,"https://www.brainyquote.com/quotes/authors/m/marie_curie.html, The Commodity Trader's Almanac 2007 (2006)","science, error, truth",
"I have no dress except the one I wear every day. If you are going to be kind enough to give me one, please let it be practical and dark so that I can put it on afterwards to go to the laboratory.",Marie Curie,1867,1934,Physicist and chemist who conducted pioneering research on radioactivity.,Unknown,https://www.brainyquote.com/quotes/authors/m/marie_curie.html,"dress, give, laboratory",
"We should not allow it to be believed that all scientific progress can be reduced to mechanisms, machines, gearings, even though such machinery also has its beauty. Neither do I believe that the spirit of adventure runs any risk of disappearing in our world.",Marie Curie,1867,1934,Physicist and chemist who conducted pioneering research on radioactivity.,Unknown,https://www.brainyquote.com/quotes/authors/m/marie_curie.html,"science, progress, mechanisms, spirit, adventure, world",
"...science is essentially international, and it is only through lack of the historical sense that national qualities have been attributed to it.",Marie Curie,1867,1934,Physicist and chemist who conducted pioneering research on radioactivity.,Unknown,https://www.brainyquote.com/quotes/authors/m/marie_curie.html,"history, qualities, science",
One never notices what has been done; one can only see what remains to be done.,Marie Curie,1867,1934,Physicist and chemist who conducted pioneering research on radioactivity.,1894,https://www.brainyquote.com/quotes/authors/m/marie_curie.html,"notice, done",
"If I see anything vital around me, it is precisely that spirit of adventure, which seems indestructible and is akin to curiosity.",Marie Curie,1867,1934,Physicist and chemist who conducted pioneering research on radioactivity.,Unknown,https://www.brainyquote.com/quotes/authors/m/marie_curie.html,"spirit, adventure, curiosity",
"When radium was discovered, no one knew that it would prove useful in hospitals. The work was one of pure science. And this is a proof that scientific work must not be considered from the point of view of the direct usefulness of it.",Marie Curie,1867,1934,Physicist and chemist who conducted pioneering research on radioactivity.,Unknown,"https://www.brainyquote.com/quotes/authors/m/marie_curie.html, https://www.goodreads.com/author/quotes/126903.Marie_Curie","discovery, use, science",
"Humanity needs practical men, who get the most out of their work, and, without forgetting the general good, safeguard their own interests. But humanity also needs dreamers, for whom the disinterested development of an enterprise is so captivating that it becomes impossible for them to devote their care to their own material profit.",Marie Curie,1867,1934,Physicist and chemist who conducted pioneering research on radioactivity.,Unknown,"https://www.goodreads.com/author/quotes/126903.Marie_Curie, https://en.wikiquote.org/wiki/Marie_Curie - quoted in Astrophysics of the Diffuse Universe (2003)","humanity, practical, dreamer",
You must never be fearful of what you are doing when it is right.,Marie Curie,1867,1934,Physicist and chemist who conducted pioneering research on radioactivity.,Unknown,https://www.goodreads.com/author/quotes/126903.Marie_Curie,"fear, right",
"The older one gets, the more one feels that the present moment must be enjoyed, comparable to a state of grace.",Marie Curie,1867,1934,Physicist and chemist who conducted pioneering research on radioactivity.,Unknown,https://www.goodreads.com/author/quotes/126903.Marie_Curie,"enjoy, present, moment, state",
We must believe that we are gifted for something and that this thing MUST be attained.,Marie Curie,1867,1934,Physicist and chemist who conducted pioneering research on radioactivity.,Unknown,https://www.goodreads.com/author/quotes/126903.Marie_Curie,"gift, believe",
"Nursing is an art: and if it is to be made an art, it requires as exclusive a devotion, as hard a preparation as any painter's or sculptor's work; for what is the having to do with dead canvas or dead marble, compared with having to do with the living body, the temple of God's spirit? It is one of the Fine Arts; I had almost said, the finest of Fine Arts.",Florence Nightingale,1820,1910,"English social reformer and statistician, and the founder of modern nursing.",Unknown,http://www.quotabelle.com/discover,"art, devotion",
"Apprehension, uncertainty, waiting, expectation, fear of surprise, do a patient more harm than any exertion. Remember he is face to face with his enemy all the time.",Florence Nightingale,1820,1910,"English social reformer and statistician, and the founder of modern nursing.",Unknown,http://www.quotabelle.com/discover,"uncertainty, waiting",
"You want to do the thing that is good, whether it is 'suitable for a woman' or not.",Florence Nightingale,1820,1910,"English social reformer and statistician, and the founder of modern nursing.",Unknown,http://www.quotabelle.com/discover,"good, women",
Volumes are now written and spoken upon the effect of the mind upon the body...I wish a little more was thought of the effect of the body on the mind.,Florence Nightingale,1820,1910,"English social reformer and statistician, and the founder of modern nursing.",Unknown,http://www.quotabelle.com/discover,"mind, body",
It may seem a strange principle to enunciate as the very first requirement in a Hospital that it should do the sick no harm.,Florence Nightingale,1820,1910,"English social reformer and statistician, and the founder of modern nursing.",Unknown,http://www.quotabelle.com/discover,"principle, hospital",
"I think one's feelings waste themselves in words; they ought all to be distilled into actions, and into actions which bring results.",Florence Nightingale,1820,1910,"English social reformer and statistician, and the founder of modern nursing.",Unknown,"http://www.quotabelle.com/discover, https://www.nursebuff.com/florence-nightingale-quotes/","words, actions, results",
How very little can be done under the spirit of fear.,Florence Nightingale,1820,1910,"English social reformer and statistician, and the founder of modern nursing.",Unknown,"https://www.brainyquote.com/quotes/authors/f/florence_nightingale.html, https://www.nursebuff.com/florence-nightingale-quotes/","fear, spirit",
"So never lose an opportunity of urging a practical beginning, however small, for it is wonderful how often in such matters the mustard-seed germinates and roots itself.",Florence Nightingale,1820,1910,"English social reformer and statistician, and the founder of modern nursing.",Unknown,"https://www.brainyquote.com/quotes/authors/f/florence_nightingale.html, https://www.nursebuff.com/florence-nightingale-quotes/","opportunity, practical, wonder",
"Were there none who were discontented with what they have, the world would never reach anything better.",Florence Nightingale,1820,1910,"English social reformer and statistician, and the founder of modern nursing.",Unknown,"https://www.brainyquote.com/quotes/authors/f/florence_nightingale.html, https://www.nursebuff.com/florence-nightingale-quotes/","discontent, world, better",
"A hundred struggle and drown in the breakers. One discovers the new world. But rather, ten times rather, die in the surf, heralding the way to that new world, than stand idly on the shore.",Florence Nightingale,1820,1910,"English social reformer and statistician, and the founder of modern nursing.",Unknown,"https://www.brainyquote.com/quotes/authors/f/florence_nightingale.html, https://www.nursebuff.com/florence-nightingale-quotes/","struggle, discovery, world, new",
"Why do people sit up so late, or, more rarely, get up so early? Not because the day is not long enough, but because they have no time in the day to themselves.",Florence Nightingale,1820,1910,"English social reformer and statistician, and the founder of modern nursing.",Unknown,https://www.brainyquote.com/quotes/authors/f/florence_nightingale.html,"late, early, time, life",
The world is put back by the death of every one who has to sacrifice the development of his or her peculiar gifts to conventionality.,Florence Nightingale,1820,1910,"English social reformer and statistician, and the founder of modern nursing.",Unknown,"https://www.brainyquote.com/quotes/authors/f/florence_nightingale.html, https://www.nursebuff.com/florence-nightingale-quotes/","world, sacrifice, gift, convention",
"No man, not even a doctor, ever gives any other definition of what a nurse should be than this – ‘devoted and obedient’. This definition would do just as well for a porter. It might even do for a horse. It would not do for a policeman.",Florence Nightingale,1820,1910,"English social reformer and statistician, and the founder of modern nursing.",Unknown,https://www.nursebuff.com/florence-nightingale-quotes/,"doctor, definition, nurse",
"The martyr sacrifices themselves entirely in vain. Or rather not in vain; for they make the selfish more selfish, the lazy more lazy, the narrow narrower.",Florence Nightingale,1820,1910,"English social reformer and statistician, and the founder of modern nursing.",Unknown,https://www.nursebuff.com/florence-nightingale-quotes/,"sacrifice, lazy",
To understand God’s thoughts one must study statistics… the measure of his purpose.,Florence Nightingale,1820,1910,"English social reformer and statistician, and the founder of modern nursing.",Unknown,https://www.nursebuff.com/florence-nightingale-quotes/,"statistics, purpose, measure",
"Being able to push against that paradigm and push girls to the forefront, particularly girls of color, is going to make a tremendous difference in the industry in the years to come.",Kimberly Bryant,1967,-,Electrical engineer and founder of Black Girls Code.,Unknown,http://www.quotabelle.com/discover,"girls, diversity, difference, industry",
"Women, in general, and black women have been involved in technology for ages . . . but they’re hidden. They’re not the stories that you hear about; they’re not the people that you see who are written about.",Kimberly Bryant,1967,-,Electrical engineer and founder of Black Girls Code.,Unknown,http://www.quotabelle.com/discover,"women, technology, stories, people",
Not having that strong representation in the industry has really hurt in terms of attracting women into the field.,Kimberly Bryant,1967,-,Electrical engineer and founder of Black Girls Code.,Unknown,http://www.quotabelle.com/discover,"diversity, representation, women",
"There becomes this untrue perception that girls don’t like technology or girls can’t do technology, which is not true at all.",Kimberly Bryant,1967,-,Electrical engineer and founder of Black Girls Code.,Unknown,http://www.quotabelle.com/discover,"technology, women, perception",
Don't be afraid of failure. That's not an easy lesson for teenagers - especially teenage girls - to learn. Our society sends us a lot of messages that imply we're supposed to be ashamed when we fall short. But I think we should be throwing each other failure parties!,Reshma Saujani,1975,-,American lawyer and policitian who founded Girls Who Code.,Unknown,http://www.azquotes.com/author/53531-Reshma_Saujani,"failure, fear, learn",
"Fail hard, fail fast, fail often. It's the key to success.' This one I learned from experience!",Reshma Saujani,1975,-,American lawyer and policitian who founded Girls Who Code.,Unknown,http://www.azquotes.com/author/53531-Reshma_Saujani,"failure, experience, success",
"Coding is the language of the future, and every girl should learn it. As I've learned from watching girls grow and learn in our classrooms, coding is fun, collaborative and creative.",Reshma Saujani,1975,-,American lawyer and policitian who founded Girls Who Code.,Unknown,http://www.azquotes.com/author/53531-Reshma_Saujani,"coding, language, creativity",
"Teach one girl how to code, she'll teach four. The replication effect is so powerful.",Reshma Saujani,1975,-,American lawyer and policitian who founded Girls Who Code.,Unknown,http://www.azquotes.com/author/53531-Reshma_Saujani,"coding, women, power",
"Embracing failure is the most important trait I've developed in my career. I have tried to learn from my failures, and I believe it has made me stronger, more confident and more resilient.",Reshma Saujani,1975,-,American lawyer and policitian who founded Girls Who Code.,Unknown,http://www.azquotes.com/author/53531-Reshma_Saujani,"failure, career, confidence, strength",
"We can't think of any better way of becoming our best selves, than by finding something we're great at!",Reshma Saujani,1975,-,American lawyer and policitian who founded Girls Who Code.,Unknown,http://www.azquotes.com/author/53531-Reshma_Saujani,"become, self",
"If you haven't failed yet, you haven't tried anything.",Reshma Saujani,1975,-,American lawyer and policitian who founded Girls Who Code.,Unknown,http://www.azquotes.com/author/53531-Reshma_Saujani,"failure, try",
"Teach girls bravery, not perfection.",Reshma Saujani,1975,-,American lawyer and policitian who founded Girls Who Code.,Unknown,https://medium.com/girls-who-code/teach-girls-bravery-not-perfection-257691d13476,"bravery, perfection, women",
"I’ve been called a giant in science. If that is the case, it’s only because I stand on the shoulders of my forefathers.",Aprille Ericsson-Jackson,1963,-,American aerospace engineer and first female African-American to receive a Ph.D in engineering at the NASA Goddard Space Flight Center.,2011,http://www.quotabelle.com/author/aprille-ericsson-jackson,"science, forefathers",
I consider myself a cool geek.,Aprille Ericsson-Jackson,1963,-,American aerospace engineer and first female African-American to receive a Ph.D in engineering at the NASA Goddard Space Flight Center.,2014,http://www.quotabelle.com/author/aprille-ericsson-jackson,"cool, geek",
The United States cannot afford to lose more than half of its talent and the fresh perspective that women and minorities can bring.,Aprille Ericsson-Jackson,1963,-,American aerospace engineer and first female African-American to receive a Ph.D in engineering at the NASA Goddard Space Flight Center.,2011,http://www.quotabelle.com/author/aprille-ericsson-jackson,"diversity, talent, perspective",
"Imagine that there is a bank that credits your account each morning with $86,400 but does not allow you to carry over a balance, each day it cancels the amount you failed to use. Think of that bank account as time, with 86,400 seconds each day. There's no borrowing against tomorrow, so draw out every cent today.",Aprille Ericsson-Jackson,1963,-,American aerospace engineer and first female African-American to receive a Ph.D in engineering at the NASA Goddard Space Flight Center.,2011,http://www.quotabelle.com/author/aprille-ericsson-jackson,"time, use",
We've gone from developing micro-technology to nano-technology . . . Keep working hard because we're moving towards that atomic level.,Aprille Ericsson-Jackson,1963,-,American aerospace engineer and first female African-American to receive a Ph.D in engineering at the NASA Goddard Space Flight Center.,2014,http://www.quotabelle.com/author/aprille-ericsson-jackson,"atomic, work, progress",
"Without diversity in all fields, the United States will not remain technically competitive.",Aprille Ericsson-Jackson,1963,-,American aerospace engineer and first female African-American to receive a Ph.D in engineering at the NASA Goddard Space Flight Center.,2015,http://www.quotabelle.com/author/aprille-ericsson-jackson,"diversity, technology",
"What we find is that if you have a goal that is very, very far out, and you approach it in little steps, you start to get there faster. Your mind opens up to the possibilities.",Mae Jemison,1956,-,"First African-American woman to go to space, during the Endeavour mission.",Unknown,https://www.brainyquote.com/quotes/authors/m/mae_jemison.html,"goal, steps, possibilities",
Science provides an understanding of a universal experience. Arts provide a universal understanding of a personal experience.,Mae Jemison,1956,-,"First African-American woman to go to space, during the Endeavour mission.",Unknown,https://www.brainyquote.com/quotes/authors/m/mae_jemison.html,"science, universal, art, experience, personal",
"The difference between science and the arts is not that they are different sides of the same coin even, or even different parts of the same continuum, but rather, they are manifestations of the same thing. The arts and sciences are avatars of human creativity.",Mae Jemison,1956,-,"First African-American woman to go to space, during the Endeavour mission.",Unknown,https://www.brainyquote.com/quotes/authors/m/mae_jemison.html,"science, creativity, human",
"Some people say they feel very small when they think about space. I felt more expansive, very connected to the universe.",Mae Jemison,1956,-,"First African-American woman to go to space, during the Endeavour mission.",Unknown,https://www.brainyquote.com/quotes/authors/m/mae_jemison.html,"space, universe, connections",
"I think science fiction helps us think about possibilities, to speculate - it helps us look at our society from a different perspective. It lets us look at our mores, using science as the backdrop, as the game changer.",Mae Jemison,1956,-,"First African-American woman to go to space, during the Endeavour mission.",Unknown,https://www.brainyquote.com/quotes/authors/m/mae_jemison.html,"science, possibilities, perspective",
I always knew I'd go to space.,Mae Jemison,1956,-,"First African-American woman to go to space, during the Endeavour mission.",Unknown,https://www.brainyquote.com/quotes/authors/m/mae_jemison.html,"space, knowledge",
"We look at science as something very elite, which only a few people can learn. That's just not true. You just have to start early and give kids a foundation. Kids live up, or down, to expectations.",Mae Jemison,1956,-,"First African-American woman to go to space, during the Endeavour mission.",Unknown,https://www.brainyquote.com/quotes/authors/m/mae_jemison.html,"science, early, expectations",
Some of the most fun people I know are scientists.,Mae Jemison,1956,-,"First African-American woman to go to space, during the Endeavour mission.",Unknown,https://www.brainyquote.com/quotes/authors/m/mae_jemison.html,"science, people",
"I counted everything. I counted the steps to the road, the steps up to church, the number of dishes and silverware I washed … anything that could be counted, I did.",Katherine Johnson,1918,-,Worked as a 'computer' at NASA and performed the calculations that sent astronauts into orbit and to the moon.,Unknown,https://www.nasa.gov/audience/foreducators/a-lifetime-of-stem.html,"count, everything, number",
The women did what they were told to do. They didn’t ask questions or take the task any further. I asked questions; I wanted to know why.,Katherine Johnson,1918,-,Worked as a 'computer' at NASA and performed the calculations that sent astronauts into orbit and to the moon.,Unknown,https://www.nasa.gov/audience/foreducators/a-lifetime-of-stem.html,"women, questions",
"We will always have STEM with us. Some things will drop out of the public eye and will go away, but there will always be science, engineering and technology. And there will always, always be mathematics. Everything is physics and math.",Katherine Johnson,1918,-,Worked as a 'computer' at NASA and performed the calculations that sent astronauts into orbit and to the moon.,Unknown,https://www.nasa.gov/audience/foreducators/a-lifetime-of-stem.html,"mathematics, science, technology",
"I don't have a feeling of inferiority. Never had. I'm as good as anybody, but no better.",Katherine Johnson,1918,-,Worked as a 'computer' at NASA and performed the calculations that sent astronauts into orbit and to the moon.,Unknown,https://www.brainyquote.com/quotes/authors/k/katherine_johnson.html,"inferiority, good, worth",
"In math, you're either right or wrong.",Katherine Johnson,1918,-,Worked as a 'computer' at NASA and performed the calculations that sent astronauts into orbit and to the moon.,Unknown,https://www.brainyquote.com/quotes/authors/k/katherine_johnson.html,"mathematics, right",
Girls are capable of doing everything men are capable of doing. Sometimes they have more imagination than men.,Katherine Johnson,1918,-,Worked as a 'computer' at NASA and performed the calculations that sent astronauts into orbit and to the moon.,Unknown,https://www.brainyquote.com/quotes/authors/k/katherine_johnson.html,"capabilities, women, imagination",
I'm always interested in learning something new.,Katherine Johnson,1918,-,Worked as a 'computer' at NASA and performed the calculations that sent astronauts into orbit and to the moon.,Unknown,https://www.brainyquote.com/quotes/authors/k/katherine_johnson.html,"learning, new",
"I see a picture right now that's not parallel, so I'm going to go straighten it. Things must be in order.",Katherine Johnson,1918,-,Worked as a 'computer' at NASA and performed the calculations that sent astronauts into orbit and to the moon.,Unknown,"https://www.nasa.gov/audience/foreducators/a-lifetime-of-stem.html, https://www.brainyquote.com/quotes/authors/k/katherine_johnson.html","parallel, order",
I like to learn. That's an art and a science.,Katherine Johnson,1918,-,Worked as a 'computer' at NASA and performed the calculations that sent astronauts into orbit and to the moon.,Unknown,https://www.brainyquote.com/quotes/authors/k/katherine_johnson.html,"learn, art, science",
It’s the true wonder of science that can get people excited and get people to aspire.,Maggie Aderin-Pocock,1968,-,English space scientist and science educator.,Unknown,http://www.quotabelle.com/discover,"science, excitement, people",
I like to wow kids with all sorts of facts and figures.,Maggie Aderin-Pocock,1968,-,English space scientist and science educator.,Unknown,http://www.quotabelle.com/discover,"kids, facts, figures",
"As a child growing up, I wanted to reach the stars, but by making this instrument, I was doing the next best thing. I could look into the hearts of stars.",Maggie Aderin-Pocock,1968,-,English space scientist and science educator.,Unknown,http://www.quotabelle.com/discover,"stars, heart, instrument",
"You don't need a big brain the size of a planet, or mad hair. You need a passion to understand things.",Maggie Aderin-Pocock,1968,-,English space scientist and science educator.,Unknown,http://www.quotabelle.com/discover,"brain, passion",
Science is a wonder. It's like poetry and music and yet people don't see it that way.,Maggie Aderin-Pocock,1968,-,English space scientist and science educator.,Unknown,http://www.quotabelle.com/discover,"science, poetry, music, wonder",
I've ... worked on telescopes on mountains where the stars make my heart sing.,Maggie Aderin-Pocock,1968,-,English space scientist and science educator.,Unknown,http://www.quotabelle.com/discover,"stars, telescopes, heart",
I've always been mad about the moon.,Maggie Aderin-Pocock,1968,-,English space scientist and science educator.,Unknown,http://www.quotabelle.com/discover,moon,
Everyone wants better answers faster.,Grace Hopper,1906,1992,American computer scientist who invented one of the first compiler related tools and whose work led to the development of COBOL.,Unknown,http://www.quotabelle.com/discover,"answers, better, faster",
"I didn't know what a billion was. I don't think most of those men downtown know what a billion is, either. And if you don't know what a billion is, how on earth do you know what a billionth is?",Grace Hopper,1906,1992,American computer scientist who invented one of the first compiler related tools and whose work led to the development of COBOL.,Unknown,http://www.quotabelle.com/discover,"billion, knowledge",
"The application of systems techniques has been successful in scientific and technical applications . . . It meets difficulty when it is applied in social and political situations largely because people are not 'well-behaved' mathematical functions, but can only be represented by statistical approximations, and all of the extremes can and do occur.",Grace Hopper,1906,1992,American computer scientist who invented one of the first compiler related tools and whose work led to the development of COBOL.,Unknown,http://www.quotabelle.com/discover,"systems, technology, social, situations, statistics",
People are not 'well-behaved' mathematical functions.,Grace Hopper,1906,1992,American computer scientist who invented one of the first compiler related tools and whose work led to the development of COBOL.,Unknown,http://www.quotabelle.com/discover,"mathematics, functions, people",
"...For me, at the end of the day, the success of a business is not gender-driven. The question is: do you have the right background and the right team?",Jenny Lee,1972,-,One of the most respected and valuable tech investors in China right now.,2015,https://www.forbes.com/sites/ryanmac/2015/03/25/jenny-lee-midas-list-top-ranked-woman-interview-china/#2a094d552d88,"gender, background, team, business, success",
...the question to answer is how do we get more women in the industry? That starts with education whether that’s in high school or college. ...We need to get more women to start early in these areas.,Jenny Lee,1972,-,One of the most respected and valuable tech investors in China right now.,2015,https://www.forbes.com/sites/ryanmac/2015/03/25/jenny-lee-midas-list-top-ranked-woman-interview-china/#2a094d552d88,"women, industry, education",
"It takes humility to realize we don't know everything, not to rest on our laurels, and to know that we must keep learning and observing. If we don't, we can be sure some startup will be there to take our place.",Cher Wang,1958,-,Taiwanese entrepreneur and philanthropist who cofounded HTC and VIA Technologies.,Unknown,http://www.myfrugalbusiness.com/2016/12/cher-wang-entrepreneur-quotes.html,"humility, knowledge, learn",
"If you have a vision, no matter how difficult things are, everything just becomes a process.",Cher Wang,1958,-,Taiwanese entrepreneur and philanthropist who cofounded HTC and VIA Technologies.,Unknown,http://www.myfrugalbusiness.com/2016/12/cher-wang-entrepreneur-quotes.html,"vision, process, difficulty",
"I always have this imagination, something I want to use. I don't understand the idea of leisure time.",Cher Wang,1958,-,Taiwanese entrepreneur and philanthropist who cofounded HTC and VIA Technologies.,Unknown,http://www.myfrugalbusiness.com/2016/12/cher-wang-entrepreneur-quotes.html,"imagination, time",
Hundreds of ideas are tested and discarded to find the rare ideas that define the user experience.,Cher Wang,1958,-,Taiwanese entrepreneur and philanthropist who cofounded HTC and VIA Technologies.,Unknown,http://www.myfrugalbusiness.com/2016/12/cher-wang-entrepreneur-quotes.html,"ideas, rare, experience",
"As entrepreneurs, we must continue to ask ourselves What's Next?",Cher Wang,1958,-,Taiwanese entrepreneur and philanthropist who cofounded HTC and VIA Technologies.,Unknown,http://www.myfrugalbusiness.com/2016/12/cher-wang-entrepreneur-quotes.html,"ask, next",
Whatever it is that you think you want to do - and whatever it is that you think stands between you and that - stop making excuses. You can do anything.,Katia Beauchamp,?,-,Founder and co-CEO of Birchbox.,Unknown,http://lifehacker.com/im-katia-beauchamp-birchbox-co-founder-and-ceo-and-th-1795889433,excuses,
"I’ve received a lot of great advice over the years, but most of what’s sticking with me right now is about creating your own reality and the idea of self-fulfilling prophecies. Staying in the game is such a huge part of winning the game—so many people tap out. I have learned a lot about building resilience and believing that you can handle whatever is thrown at you.",Katia Beauchamp,?,-,Founder and co-CEO of Birchbox.,2017,http://lifehacker.com/im-katia-beauchamp-birchbox-co-founder-and-ceo-and-th-1795889433,"advice, reality, prophecies, game, belief",
"...I realize society has a gendered view on how women change the world. When a woman says she is going to change the world, society expects that she is going to launch a nonprofit. My efforts are focused on women changing the world through for-profit social ventures.",Natalia Oberti Noguera,?,-,"Founder and CEO of Pipeline Angels, a network of women investors that is changing the face of angel investing and creating capital for women social entrepreneurs.",Unknown,http://www.sparkpluglabs.co/awesome-woman/nataliaobertinoguera,"society, gender, women, change",
What keeps me busy? Getting more voices in the room.,Natalia Oberti Noguera,?,-,"Founder and CEO of Pipeline Angels, a network of women investors that is changing the face of angel investing and creating capital for women social entrepreneurs.",Unknown,http://www.sparkpluglabs.co/awesome-woman/nataliaobertinoguera,"busy, voices",